{"Open": [236.63967447024518, 241.47333193183624, 237.39870037793833, 235.11168617953675, 234.13297099659667, 234.80209169163373, 235.23152514577004, 223.51689291637274, 219.85169651198805, 215.6671885752157, 210.97334672214788, 213.0306430192638, 213.87952928252258, 213.93944620866878, 213.70975404736055, 211.2829271905112, 220.71056863168138, 220.48087718007702, 223.21727075576553, 221.1000540446544, 221.3796909591809, 216.72579102857173, 219.5221267668628, 221.03016017035932, 205.27081771109022, 193.6360793511012, 176.967935484531, 186.4554964395268, 171.72480450043201, 188.82240088513313, 185.856281088865, 211.1630921847052, 201.59564256833872, 198.10021911176236, 196.94174374665747, 193.01688474432112, 195.8631544964882, 205.7302222309065, 204.62166872266098, 206.0997277622984, 209.72497582911666, 208.41669143858087, 209.02590396975114, 208.80618155790114, 205.82009105417706, 202.83402512431957, 197.9504203457911, 198.90915494694545, 197.46106353953903, 198.739389980464, 210.97000122070312, 210.42999267578125, 212.42999267578125, 210.9499969482422, 212.36000061035156, 207.91000366210938, 207.6699981689453, 205.1699981689453, 200.7100067138672, 193.6699981689453, 198.3000030517578, 200.58999633789062, 203.5800018310547, 199.3699951171875, 200.27999877929688, 201.35000610351562, 202.91000366210938, 203.5, 203.0, 204.38999938964844, 200.60000610351562, 203.5, 199.0800018310547, 199.72999572753906, 197.3000030517578, 197.1999969482422, 195.94000244140625, 198.24000549316406, 201.6300048828125, 202.58999633789062, 201.4499969482422, 201.42999267578125, 201.88999938964844, 202.00999450683594, 206.6699981689453, 208.91000366210938, 212.14999389648438, 212.67999267578125, 210.10000610351562, 209.52999877929688, 210.50999450683594, 210.57000732421875, 209.92999267578125, 209.22000122070312, 210.3000030517578, 210.57000732421875, 210.8699951171875, 212.10000610351562, 213.13999938964844, 215.0449981689453], "High": [241.77294223985544, 243.71040379171194, 239.75561031847352, 236.2402111793479, 237.54849020730907, 241.05388787370777, 235.85072354308846, 225.54423318142804, 221.4595886104368, 216.55602242060417, 213.66980775083542, 214.93814530685134, 214.8682229774316, 218.47349365471302, 217.20517028159983, 218.5533916912833, 221.1899357355996, 223.80651793975238, 224.7253029108424, 224.69534536875565, 223.51688772665744, 225.32451569687797, 223.3870536043053, 224.89508702876748, 207.2182761783418, 199.61824028069563, 193.89573468350994, 190.09072892121037, 200.3472738997123, 194.52491452460524, 199.27866665425725, 212.6611277249045, 203.24347561495443, 200.4371508814261, 198.56961397436802, 193.54618940120912, 201.32599215129426, 207.7276030292648, 208.5565112075726, 209.47530610539675, 211.2230113707532, 211.96204522644123, 213.30029766677714, 214.2790004444518, 206.71892151455646, 203.83271551835597, 200.38721199140494, 199.1788056079939, 199.78801395815432, 200.2773664943336, 211.27000427246094, 213.39999389648438, 213.94000244140625, 212.9600067138672, 212.57000732421875, 209.47999572753906, 208.47000122070312, 207.0399932861328, 202.75, 197.6999969482422, 200.74000549316406, 202.72999572753906, 203.80999755859375, 201.9600067138672, 202.1300048828125, 203.77000427246094, 206.24000549316406, 204.75, 205.6999969482422, 206.0, 204.35000610351562, 204.5, 199.67999267578125, 200.3699951171875, 198.69000244140625, 198.38999938964844, 197.57000732421875, 201.6999969482422, 202.3000030517578, 203.44000244140625, 203.6699981689453, 202.63999938964844, 203.22000122070312, 207.38999938964844, 210.19000244140625, 213.33999633789062, 214.64999389648438, 216.22999572753906, 211.42999267578125, 211.3300018310547, 213.47999572753906, 212.1300048828125, 210.91000366210938, 211.88999938964844, 212.39999389648438, 211.8000030517578, 211.7899932861328, 215.77999877929688, 214.9499969482422, 215.10000610351562], "Low": [229.89851463379637, 235.80077808405883, 234.3726544629493, 228.92979032203158, 232.8546485518437, 234.45254396930395, 223.92635798057333, 217.16522145004404, 214.6285501658544, 208.14705109128238, 209.30553558500114, 209.69502079955336, 211.21302787332291, 213.470060528986, 211.94206785632258, 211.0032951126973, 218.29373979930335, 219.79177838679217, 220.18125884970436, 220.271139232742, 217.39491092445158, 215.9468137615173, 218.61331487709137, 220.73055001137135, 200.9864426085102, 187.09465424061224, 174.39131242893686, 168.9884109270566, 171.6648855169899, 182.76034285398336, 185.81632494094944, 200.8965565016436, 199.53834280484799, 192.11805840887246, 194.16538565496842, 189.56140949031536, 195.71335703344474, 202.5344160012944, 202.67422555441442, 205.92995222724628, 207.1883090170199, 208.09710321217068, 206.399343338795, 208.62640936955898, 201.89524528415058, 197.9504297070337, 196.7619763948813, 192.99690991055434, 194.42503624466005, 197.28129528859796, 206.75, 209.0, 210.5800018310547, 209.5399932861328, 209.77000427246094, 204.25999450683594, 205.02999877929688, 200.7100067138672, 199.6999969482422, 193.4600067138672, 197.42999267578125, 199.89999389648438, 198.50999450683594, 196.77999877929688, 200.1199951171875, 200.9600067138672, 202.10000610351562, 200.14999389648438, 202.0500030517578, 200.02000427246094, 200.57000732421875, 198.41000366210938, 197.36000061035156, 195.6999969482422, 196.55999755859375, 195.2100067138672, 195.07000732421875, 196.86000061035156, 198.9600067138672, 200.1999969482422, 200.6199951171875, 199.4600067138672, 200.0, 199.25999450683594, 206.13999938964844, 208.13999938964844, 211.80999755859375, 208.8000030517578, 208.4499969482422, 207.22000122070312, 210.02999877929688, 209.86000061035156, 207.5399932861328, 208.9199981689453, 208.63999938964844, 209.58999633789062, 209.6999969482422, 211.6300048828125, 212.22999572753906, 212.41000366210938], "Volume": [56833400, 47184000, 53798100, 47227600, 45170400, 46273600, 72071200, 76137400, 62547500, 61368300, 60107600, 48073400, 42432400, 54385400, 48862900, 94127800, 44299500, 34493600, 34466100, 37094800, 39818600, 65299300, 36412700, 35905900, 103419000, 125910900, 160466300, 120859500, 184395900, 121880000, 87435900, 101352900, 51343900, 59732400, 52164700, 46742500, 52976400, 52929200, 47311000, 38222300, 38743100, 36827600, 52286500, 57365700, 101010600, 69018500, 51216500, 68536700, 50478900, 36453900, 63775800, 51909300, 49325800, 45029500, 54737900, 46140500, 42496600, 59211800, 46742400, 78432900, 56288500, 45339700, 51396800, 70819900, 35423300, 46381600, 43604000, 55126100, 46607700, 72862600, 54672600, 60989900, 43904600, 51447300, 43020700, 38856200, 45394700, 96813500, 55814300, 54064000, 39525700, 50799100, 73188600, 91912800, 78788900, 67941800, 34955800, 50229000, 42848900, 48749400, 44443600, 39765800, 38840100, 42296300, 47490500, 48068100, 48974600, 51377400, 46404100, 46415026],