{"Open": [32.35749357571332, 33.710243692399686, 32.68333465149447, 31.952651918609636, 31.626804255740566, 31.809480039944617, 31.94277689836166, 28.713940025830063, 27.79564707808369, 26.6996220003569, 25.524598865264352, 26.008432303629135, 26.12692086276794, 26.166417948692178, 26.077550853249942, 25.425858609060754, 27.726528206831972, 27.760091168461543, 28.457328306149023, 27.859694076953836, 27.86965514237079, 26.644505707465598, 27.391549664894864, 27.76008974689056, 23.78582453718594, 21.02675021112476, 17.277594103686337, 19.29361149628943, 16.415007060664767, 19.413136650698373, 18.815503392609678, 24.13444488896448, 22.022806217065906, 21.228947844207198, 20.887300491333008, 20.05061206098093, 20.69805086264285, 22.8096885190374, 22.570636102749052, 22.81964990384068, 23.626455364325146, 23.38740250082158, 23.467086855544384, 23.41728495564516, 22.725024757558618, 21.96304030608714, 20.917183085751827, 21.176157067744146, 20.827537428956116, 21.03671062503311, 23.64637750686602, 23.477047384088163, 23.96511459350586, 23.62645552793042, 23.945194360495393, 22.909295745872406, 22.909296281314994, 22.321621573874644, 21.35544737148268, 19.83148063755444, 20.79765575457199, 21.225959052354213, 21.8634361975311, 20.9669849050596, 21.116394646812047, 21.38532900117711, 21.6841462066838, 21.783752578118413, 21.6642250040909, 21.973000921533696, 21.156236783544365, 21.763830898549173, 20.797655779076273, 20.88730058478717, 20.429114393897713, 20.399233504285924, 20.095434947200495, 20.508799043111118, 21.206040711568203, 21.469999313354492, 21.200000762939453, 21.190000534057617, 21.270000457763672, 21.274999618530273, 22.260000228881836, 22.780000686645508, 23.399999618530273, 23.510000228881836, 22.93000030517578, 22.799999237060547, 22.979999542236328, 22.950000762939453, 22.84000015258789, 22.709999084472656, 22.899999618530273, 23.0, 23.030000686645508, 23.280000686645508, 23.540000915527344, 23.959999084472656], "High": [33.78924181239903, 34.34218674376885, 33.19678932712861, 32.219253602233465, 32.58459507385438, 33.49301566349202, 32.03065725999447, 29.17802297394729, 28.14124165045886, 26.906977621140967, 26.117046402209017, 26.432031013214377, 26.391548818071932, 27.262445869211515, 26.95338632460474, 27.237758697198917, 27.77589805228945, 28.566896275884147, 28.786026810531876, 28.766105159590914, 28.437406936005658, 28.46728863874962, 28.288000001235172, 28.71630287711689, 24.223094349067868, 22.341544292571616, 20.957026501176127, 20.040653726298427, 21.823592972359332, 20.608404945488576, 21.524777815566374, 24.421309223969626, 22.39134599782035, 21.74291364448166, 21.285724541957734, 20.195040677398882, 21.81363286900701, 23.20811065259178, 23.3874019827522, 23.506929289503205, 23.965114667087388, 24.1145231759726, 24.403380347777954, 24.612551432644036, 22.902322275384545, 22.212054377130425, 21.445093628520315, 21.197074158755434, 21.315604796130515, 21.40525040497346, 23.686220672758992, 24.174287574720672, 24.3177186229524, 24.084642428886642, 23.945194360495393, 23.277837426403664, 23.03878277219866, 22.7150642690885, 21.74888816183157, 20.657211775438164, 21.255842663536868, 21.679164589259273, 21.883355879346354, 21.484934650604462, 21.514816793014287, 21.854472207488957, 22.376405034395237, 22.06264713213399, 22.226997357987713, 22.30169941669431, 21.928180079846946, 21.958061576321704, 20.92714416864734, 21.03671055435327, 20.68808925294169, 20.608406324795975, 20.42413344782965, 21.24588046542005, 21.383338241218173, 21.6200008392334, 21.649999618530273, 21.420000076293945, 21.540000915527344, 22.409000396728516, 23.0, 23.687999725341797, 23.940000534057617, 24.290000915527344, 23.21500015258789, 23.184999465942383, 23.655000686645508, 23.34000015258789, 23.06999969482422, 23.260000228881836, 23.3700008392334, 23.239999771118164, 23.225000381469727, 24.09000015258789, 23.847000122070312, 23.959999084472656], "Low": [31.775907180787176, 32.160007217422915, 31.755168757085293, 30.27405081802131, 31.36020445465567, 31.774920768102827, 28.852178147192998, 27.074836305522908, 26.44289370955598, 24.84328634283405, 25.09112395659198, 25.149383032550098, 25.52460081774945, 26.04792768025539, 25.672712082614293, 25.381424994410395, 27.208137296172936, 27.580800722406142, 27.64056244070233, 27.69036442965753, 26.883559621874433, 26.54489969868732, 27.18237874300704, 27.73020737413601, 22.670242501512554, 19.532665682239383, 16.88315588055546, 15.827335055092755, 16.37516579732065, 18.078421084785724, 18.815503392609678, 21.883357311438196, 21.594501688221534, 19.941047765957002, 20.38329737299114, 19.383254278036745, 20.658207698216525, 22.107468914951998, 22.12240999795383, 22.81964990384068, 23.068664353821845, 23.267876803446274, 22.889374253916586, 23.379434708053193, 21.813632341524798, 20.960011658322014, 20.74785343239791, 19.902201734692927, 20.200022785396648, 20.777735750028885, 22.769848755314467, 23.21807251041971, 23.563704017024968, 23.317678596741967, 23.35752099159323, 22.117430882141576, 22.28178161040274, 21.335526062960394, 21.126352981108298, 19.76175700103107, 20.593464278790556, 21.091491224943706, 20.78769548661717, 20.404214448672597, 21.096473064545272, 21.265803303915007, 21.52477734993699, 21.086512393426144, 21.469994325267866, 21.01678780827612, 21.156236783544365, 20.678129361425448, 20.449037575985063, 20.090456279625815, 20.2548034061697, 19.960970080046533, 19.921125855892083, 20.269745762888753, 20.681118586879904, 20.940000534057617, 21.030000686645508, 20.770999908447266, 20.989999771118164, 20.71500015258789, 22.15999984741211, 22.579999923706055, 23.34000015258789, 22.649999618530273, 22.56999969482422, 22.309999465942383, 22.940000534057617, 22.84000015258789, 22.329999923706055, 22.635000228881836, 22.559999465942383, 22.761999130249023, 22.770000457763672, 23.209999084472656, 23.309999465942383, 23.34000015258789], "Volume": [524700, 649400, 679700, 592300, 551100, 459000, 787100, 915400, 1321500, 1200800, 1526000, 890500, 788400, 983100, 709300, 685900, 808400, 1288000, 850600, 522300, 526500, 788600, 507400, 714100, 2611200, 2284500, 2725600, 4591800, 5855700, 2429400, 2088400, 5295200, 1333800, 1333100, 709500, 739800, 793800, 1120300, 707600, 886800, 750900, 578500, 918600, 3203400, 6558000, 3057000, 1657400, 2465200, 1938600, 1335600, 3923900, 2507200, 4126800, 2283100, 1689100, 2605800, 2121500, 3298100, 2863500, 6116800, 3697400, 2591000, 4910300, 2385400, 1682900, 2426800, 4062600, 3718400, 2671600, 6522800, 4200500, 5605900, 2654700, 3748700, 2312700, 2066200, 2312000, 4362300, 3634700, 5654600, 4005400, 6068300, 4377500, 11021200, 10140900, 8048700, 5392900, 4890600, 2735100, 4339800, 3661400, 2659500, 5576700, 3500000, 3494700, 2877000, 2817600, 4717000, 3604500, 3480498], "Capital Gains": [0.0, 0.0, 0.0, 0.0, 0.0, 0.0, 0.0, 0.0, 0.0, 0.0, 0.0, 0.0, 0.0, 0.0, 0.0, 0.0, 0.0, 0.0, 0.0, 0.0, 0.0, 0.0, 0.0, 0.0, 0.0, 0.0, 0.0, 0.0, 0.0, 0.0, 0.0, 0.0, 0.0, 0.0, 0.0, 0.0, 0.0, 0.0, 0.0, 0.0, 0.0, 0.0, 0.0, 0.0, 0.0, 0.0, 0.0, 0.0, 0.0, 0.0, 0.0, 0.0, 0.0, 0.0, 0.0, 0.0, 0.0, 0.0, 0.0, 0.0, 0.0, 0.0, 0.0, 0.0, 0.0, 0.0, 0.0, 0.0, 0.0, 0.0, 0.0, 0.0, 0.0, 0.0, 0.0, 0.0, 0.0, 0.0, 0.0, 0.0, 0.0, 0.0, 0.0, 0.0, 0.0, 0.0, 0.0, 0.0, 0.0, 0.0, 0.0, 0.0, 0.0, 0.0, 0.0, 0.0, 0.0, 0.0, 0.0, 0.0],