{"Open": [400.53467393026557, 391.94046026830176, 398.0891633417286, 382.6974135187692, 388.62653647287385, 393.557486671848, 391.601087821307, 385.1329632711281, 378.30548307291184, 382.2482670126177, 382.4578672121625, 379.0840519928303, 385.9913968692823, 386.36071271152235, 384.8235322758774, 385.0331131975468, 382.5177544739553, 394.67543616141086, 393.19816458592396, 394.27618318122023, 389.4151007040484, 387.36882809704144, 371.8573344110368, 373.96346276032, 377.2773862564683, 374.10321411915555, 363.4627502923482, 350.2370336524557, 367.585185716996, 352.8921435234206, 381.3598744812396, 379.9425037151649, 392.4994245329486, 387.79806728846995, 379.97244183574617, 373.0651098854367, 362.1551460624454, 362.7141283475077, 375.3708716590499, 375.01155205300716, 386.29083932956814, 391.241728610284, 390.5829324517716, 389.58477271143016, 430.3199808366381, 430.948839257634, 432.07675654489867, 431.408009380462, 433.04500054847074, 437.12748451655574, 439.19371771814804, 445.12281367736733, 446.9594623818115, 447.3187935842875, 450.7699890136719, 452.04998779296875, 450.8800048828125, 455.5899963378906, 454.57000732421875, 454.95001220703125, 449.9800109863281, 456.4800109863281, 461.2200012207031, 461.54998779296875, 459.7200012207031, 457.1400146484375, 461.4700012207031, 464.0, 464.9599914550781, 470.0899963378906, 469.70001220703125, 471.19000244140625, 470.0199890136719, 475.0199890136719, 476.4100036621094, 475.2099914550781, 475.3999938964844, 478.0, 482.2300109863281, 478.2099914550781, 488.95001220703125, 492.0400085449219, 492.9800109863281, 497.54998779296875, 497.0400085449219, 496.4700012207031, 489.989990234375, 493.80999755859375, 497.3800048828125, 497.239990234375, 500.29998779296875, 503.04998779296875, 498.4700012207031, 501.5199890136719, 503.0199890136719, 505.17999267578125, 505.67999267578125, 514.47998046875, 506.7099914550781, 510.95001220703125], "High": [404.9964840093174, 396.9013540385077, 398.0891633417286, 391.86058386063223, 400.9339589862258, 401.4130601425524, 394.07652376953155, 385.69193466137494, 385.29265558349334, 384.5140963348653, 384.6139126915579, 389.51491455417886, 391.99036302361236, 386.6601507855219, 388.9659214939022, 391.07204471614995, 391.0221306945889, 394.67543616141086, 395.63366532055824, 394.5856126855185, 391.5212195564284, 388.4169222438939, 376.3790320336197, 382.1484487727996, 384.3743428432238, 376.788287190408, 373.9035742050073, 370.32015981776436, 372.9652928837084, 392.50941370351666, 383.19649903483815, 389.3352333779351, 393.92679674338564, 391.17187833074144, 380.9106912763521, 373.6340726815441, 363.8121077971333, 367.09606804173376, 379.6929540391626, 387.7381880213899, 391.44138750936105, 392.0202980494585, 394.3759872470841, 395.93313400867555, 436.1892106723326, 438.63474141621873, 438.6946118778074, 436.92787448428356, 437.3171563878889, 442.85698666150637, 439.93235195021686, 448.5465208630377, 449.8441812103938, 453.0682176126866, 456.19000244140625, 454.3599853515625, 459.5899963378906, 458.3399963378906, 457.7799987792969, 460.25, 453.69000244140625, 460.95001220703125, 462.5199890136719, 461.7200012207031, 461.67999267578125, 462.1099853515625, 464.1400146484375, 465.69000244140625, 469.6499938964844, 473.3399963378906, 473.42999267578125, 472.79998779296875, 475.4700012207031, 480.4200134277344, 479.17999267578125, 480.69000244140625, 478.739990234375, 481.0, 483.4599914550781, 487.75, 491.8500061035156, 494.55999755859375, 498.0400085449219, 499.29998779296875, 500.760009765625, 498.04998779296875, 493.5, 500.1300048828125, 498.75, 498.20001220703125, 506.7799987792969, 504.44000244140625, 505.0299987792969, 503.9700012207031, 508.29998779296875, 506.7200012207031, 513.3699951171875, 514.6400146484375, 512.0900268554688, 511.20001220703125], "Low": [391.45137377356565, 385.86162375466716, 385.4523593369203, 380.30181761040467, 388.09750890861034, 391.9604125552081, 384.83351327034705, 376.5287638766263, 376.2193166501511, 378.2555969008229, 376.75833925298997, 378.81455773398244, 384.8634626840814, 380.4016513456866, 383.29633715100766, 382.5776297310475, 382.09851071654674, 389.09568331150246, 391.9205113732519, 387.85797313035886, 386.6900923994873, 376.2392666189567, 366.5670283067677, 372.54608191207893, 375.92985398533636, 368.67318036225987, 358.8212773354498, 344.1581969485817, 349.6081786868937, 352.45294739016697, 367.12599611378243, 378.19571053548395, 383.5059256339463, 383.4560325474498, 367.32564600100716, 366.2176953329466, 355.01825440362086, 359.20055908423666, 372.33643389707953, 374.5024768665421, 383.8952433175299, 385.9315006090283, 389.66463540586307, 383.73552563819743, 424.12136912560175, 429.20204608174254, 431.3181395047298, 430.3798980651205, 430.319992206568, 434.86165526525525, 435.08127232610667, 438.9740982732109, 444.54388351816056, 447.3187935842875, 450.42999267578125, 448.7300109863281, 450.79998779296875, 454.32000732421875, 451.80999755859375, 453.8999938964844, 448.9100036621094, 456.1199951171875, 456.92999267578125, 455.30999755859375, 455.5400085449219, 456.8900146484375, 460.8599853515625, 463.0199890136719, 464.0299987792969, 468.7799987792969, 468.6199951171875, 466.9599914550781, 469.6600036621094, 473.5199890136719, 472.760009765625, 475.0, 474.0799865722656, 474.4599914550781, 476.8699951171875, 472.510009765625, 486.79998779296875, 489.3900146484375, 492.80999755859375, 493.0299987792969, 495.3299865722656, 490.9800109863281, 488.70001220703125, 493.44000244140625, 495.2300109863281, 494.1099853515625, 499.739990234375, 497.75, 497.79998779296875, 501.0299987792969, 502.7900085449219, 501.8900146484375, 505.6199951171875, 507.42999267578125, 505.54998779296875, 505.2699890136719], "Volume": [21127400, 32845700, 23007700, 29342900, 23433100, 23304600, 22034100, 32840100, 30380200, 24253600, 20473000, 19952800, 22474300, 19486900, 19185500, 18470500, 39675900, 21004500, 15775000, 16108400, 13766800, 21632000, 35184700, 19689500, 16092600, 30198000, 49209900, 50425000, 35868900, 50199700, 38024400, 23839200, 19251200, 17199900, 21967800, 21120200, 20807300, 19485000, 20545500, 22232300, 18973200, 16579400, 14974000, 36461100, 58938100, 30757400, 20136100, 15104200, 23295300, 23491300, 15324200, 22821900, 23618800, 19902800, 21992300, 23849800, 21336500, 15441800, 19216900, 18025600, 16883500, 20974300, 17086300, 13974800, 34770500, 16626500, 15743800, 14162700, 20131700, 15285600, 16469900, 15375900, 16399200, 18950600, 16814500, 15626100, 15414100, 17526500, 37576200, 24864000, 22305600, 17495100, 21578900, 34539200, 28369000, 19945400, 16319600, 13984800, 13981600, 11846600, 18659500, 16492100, 16459500, 12058800, 14927200, 15154400, 17503100, 21209700, 14066800, 13295281],