{"Open": [134.97820907791893, 118.00094594624423, 123.49006713958599, 110.63214094760745, 117.56102047262804, 113.51167590423404, 111.232043943795, 109.88225711490554, 106.97272832797886, 114.1120814413496, 117.02187196535417, 118.6017672807591, 122.73147416358299, 117.99180297800854, 117.26185055700965, 116.54190844924116, 116.93188412092742, 119.87167301321132, 120.5416356938994, 118.72176195088541, 111.34226782232153, 111.48225736963437, 105.12270025073305, 108.51245759918966, 107.28255072037597, 103.50281088710224, 98.90313835695446, 87.45392370324234, 103.80279300527448, 98.88312976565122, 109.36240858521514, 108.49246311009279, 114.10207400079875, 110.96229700273265, 104.54274333093115, 104.44274178425454, 98.76313836502491, 98.77313996214224, 104.51273745001276, 103.47281538750215, 106.84258154964476, 109.68238265297498, 107.66252352883211, 104.46274938923446, 113.07214827264656, 114.17207269391602, 112.90216280263321, 111.47226518321953, 113.04215608614977, 118.24179071447391, 117.34184743589364, 121.96153541928634, 124.97132897244262, 133.19074615794872, 134.2806619130786, 136.21054488205627, 132.38080555276906, 134.28066116234166, 133.0507547616815, 132.22082104991222, 129.99098000853303, 134.14067302338051, 136.0205604932104, 142.24012884407688, 138.7103677567503, 135.48059995132564, 138.77035689954903, 142.18012651028872, 142.16012695808664, 142.50009772583994, 143.18006060607402, 142.68009610535242, 144.61000061035156, 141.97000122070312, 142.47999572753906, 143.35000610351562, 144.49000549316406, 144.00999450683594, 145.4499969482422, 142.5, 145.55999755859375, 149.27000427246094, 155.97999572753906, 156.0399932861328, 158.39999389648438, 156.2899932861328, 152.97999572753906, 158.3699951171875, 158.1999969482422, 159.3300018310547, 161.22000122070312, 164.32000732421875, 163.72000122070312, 165.3699951171875, 171.19000244140625, 171.05999755859375, 172.02000427246094, 173.63999938964844, 172.75, 171.22000122070312], "High": [134.98820197149917, 125.06980440717122, 123.68003128569312, 119.29073912641502, 118.26090441787001, 115.33138186500223, 113.46168737204893, 111.83193921740828, 112.2218809117277, 116.75189758318456, 117.75182462929007, 121.87153693655638, 122.88146527258023, 119.01172876569431, 120.44162996547794, 120.19164884723557, 117.98180664950618, 122.21151449504808, 121.28158219452679, 118.83174729689935, 114.4420510740887, 112.86216644188174, 110.95229742526604, 110.19234119227177, 111.97222748899677, 105.62265871984647, 100.12304726897904, 101.7429319683666, 105.84265234199715, 115.0920027848049, 110.85230299023063, 111.54225429514813, 114.282061802319, 113.61211454925541, 106.78258565420647, 104.46274466720584, 99.43309764026857, 99.80306722318255, 104.79272441151089, 106.53260039132012, 111.9122293136747, 110.36233572086073, 110.19234667117642, 108.91243743896484, 114.93201970345093, 115.39198920893173, 114.6620350893898, 114.73203340369881, 117.67183196470502, 118.67176116768113, 118.2217911942619, 122.99146270751953, 131.21089374180312, 135.43059608188196, 136.29053200968949, 136.34054073998118, 135.86055961165334, 134.5706495538956, 137.39044962876582, 134.2406851659139, 132.67078673422913, 135.65057787204648, 137.24047706552236, 143.48004828952517, 139.61029915281162, 138.11040700485356, 141.9901344074345, 142.38010956756776, 143.99000172763624, 143.26005471165655, 144.98993249459744, 144.279975869788, 144.99000549316406, 145.0, 143.5800018310547, 146.17999267578125, 145.22000122070312, 145.64999389648438, 146.1999969482422, 144.77999877929688, 147.9600067138672, 154.4499969482422, 156.72000122070312, 158.7100067138672, 158.66000366210938, 157.1999969482422, 157.60000610351562, 160.97999572753906, 159.30999755859375, 160.22000122070312, 164.4199981689453, 164.5, 167.88999938964844, 165.49000549316406, 172.39999389648438, 171.75, 174.16000366210938, 174.25, 173.3800048828125, 171.35000610351562], "Low": [119.99063081322677, 116.38121232741895, 112.26187634904674, 110.09222719636827, 114.49151637878758, 110.20221255397621, 107.54263707893918, 105.44297155454524, 104.75308544348755, 112.87216201952944, 113.7820990939805, 118.1418001271865, 118.02180216580395, 114.53204424682897, 115.67196466720779, 116.46191217445423, 115.41198537165405, 119.33170959432591, 118.9117439494844, 112.70217554499752, 110.6523209143036, 109.06242721559616, 103.642807248706, 106.46260459302538, 106.78258544027105, 101.59293992049946, 92.10360729078229, 86.61398571543218, 94.45344343361101, 97.52322363090776, 99.14311699545735, 107.47253732050476, 109.06242318709587, 110.49232841239639, 100.44302192276541, 100.04305351417702, 95.03340163666236, 97.2732441150665, 102.01291108169299, 103.10283834219908, 105.72266417620379, 106.01263179735646, 107.43254376799985, 104.07277707156662, 111.29227311666197, 113.36213137411846, 112.65218016349414, 110.81230733401684, 112.27220526080853, 115.84195580422112, 115.20199668891294, 120.27165027906005, 124.46136223351174, 131.67084745036084, 132.65078555171073, 133.45074197294815, 132.38080555276906, 132.610779045451, 130.58092511560693, 131.54087555490528, 129.15104195341007, 133.300735049259, 134.7806410364111, 137.90043367160317, 132.91076748843994, 135.39059460313518, 137.94041273370485, 139.53030141372145, 138.82036252431462, 141.50016717206393, 141.9301473949137, 141.52017297716907, 141.8699951171875, 141.85000610351562, 140.85000610351562, 143.1999969482422, 143.77999877929688, 143.1199951171875, 142.64999389648438, 142.02999877929688, 145.5, 149.25999450683594, 154.0, 155.25999450683594, 155.9600067138672, 151.49000549316406, 152.97000122070312, 157.77000427246094, 157.33999633789062, 158.38999938964844, 161.16000366210938, 161.61000061035156, 163.47000122070312, 162.02000427246094, 169.1999969482422, 168.89999389648438, 170.8300018310547, 171.25999450683594, 171.0, 164.5800018310547], "Volume": [443175800, 389091100, 411381400, 398163300, 284337900, 321181900, 341755500, 366487400, 354865700, 323857500, 299033100, 277593500, 255501500, 299686900, 273426200, 248829700, 266498500, 228452500, 167447200, 293463300, 236902100, 229872500, 299212700, 222614000, 220601200, 338769400, 532273800, 611041300, 476243400, 612918300, 437812400, 313417300, 264705000, 228966900, 397016900, 292517500, 288501100, 241004800, 247526000, 220815000, 251064700, 207708500, 170444300, 235044600, 236121500, 190194800, 133163200, 158525600, 206758800, 198428100, 132972200, 225023300, 330430100, 281180800, 226632600, 226542500, 193154600, 161514200, 270608700, 187344000, 198821300, 192953600, 304021100, 369241900, 333170900, 197663100, 225578800, 167120800, 231397900, 153986200, 185114500, 155881900, 167694000, 162365000, 180820600, 183133700, 139108000, 161494100, 242956200, 154308900, 187566100, 269146500, 198145700, 263234500, 194580300, 213143600, 171224100, 143716100, 140139000, 138133000, 183656400, 167704100, 193633300, 136975800, 230627400, 158831500, 160841100, 146456400, 123126100, 183423362],